Plate Name,Payment Method,Plate Barcode,Sales Order #,Reference #,Well Position,Sequence Name,Sequence,Manufacturing ID,Measured Molecular Weight,Calculated Molecular Weight,OD260,nmoles,µg,Measured Concentration µM ,Final Volume µL ,Extinction Coefficient L/(mole·cm),Tm,Well Barcode
ID:JPN11171 REMAINDER,23488,8618339,8268526,96716025,A01,NC2lg-01,TAG TCG AAC TGA AGG TCT CCA GCA ACA CAG NNN NNN NNT ATA rGrGrG,175853212,"13963,5",13951,41,92,1279,0,0,448375,"67,68",
ID:JPN11171 REMAINDER,23488,8618339,8268526,96716026,A02,NC2lg-02,TAG TCG AAC TGA AGG TCT CCA GCA ACA CGT NNN NNN NNT ATA rGrGrG,175853211,"13956,1",13942,43,97,1348,0,0,444625,"67,66",
ID:JPN11171 REMAINDER,23488,8618339,8268526,96716027,A03,NC2lg-03,TAG TCG AAC TGA AGG TCT CCA GCA ACA CTC NNN NNN NNT ATA rGrGrG,175853210,"13916,9",13902,42,95,1325,0,0,440525,"67,53",
ID:JPN11171 REMAINDER,23488,8618339,8268526,96716028,A04,NC2lg-04,TAG TCG AAC TGA AGG TCT CCA GCA ACA GAT NNN NNN NNT ATA rGrGrG,175853209,"13991,2",13966,37,81,1137,0,0,450425,"66,65",
ID:JPN11171 REMAINDER,23488,8618339,8268526,96716029,A05,NC2lg-05,TAG TCG AAC TGA AGG TCT CCA GCA ACA GCA NNN NNN NNT ATA rGrGrG,175853208,13963,13951,40,89,1242,0,0,447775,"67,83",
ID:JPN11171 REMAINDER,23488,8618339,8268526,96716030,A06,NC2lg-06,TAG TCG AAC TGA AGG TCT CCA GCA ACA GTG NNN NNN NNT ATA rGrGrG,175853207,"13995,8",13982,34,77,1071,0,0,447575,"67,68",
ID:JPN11171 REMAINDER,23488,8618339,8268526,96716031,A07,NC2lg-07,TAG TCG AAC TGA AGG TCT CCA GCA ACA TAC NNN NNN NNT ATA rGrGrG,175853206,"13939,8",13926,37,82,1137,0,0,447325,"66,63",
ID:JPN11171 REMAINDER,23488,8618339,8268526,96716032,A08,NC2lg-08,TAG TCG AAC TGA AGG TCT CCA GCA ACA TCT NNN NNN NNT ATA rGrGrG,175853205,"13917,5",13917,38,87,1207,0,0,442425,"66,65",
ID:JPN11171 REMAINDER,23488,8618339,8268526,96716033,A09,NC2lg-09,TAG TCG AAC TGA AGG TCT CCA GCA ACA TGA NNN NNN NNT ATA rGrGrG,175853204,"13975,6",13966,44,97,1358,0,0,449675,"66,81",
ID:JPN11171 REMAINDER,23488,8618339,8268526,96716034,A10,NC2lg-10,TAG TCG AAC TGA AGG TCT CCA GCA AGT ACG NNN NNN NNT ATA rGrGrG,175853203,"14004,9",13982,43,96,1341,0,0,448775,"67,4",
ID:JPN11171 REMAINDER,23488,8618339,8268526,96716035,A11,NC2lg-11,TAG TCG AAC TGA AGG TCT CCA GCA AGT AGC NNN NNN NNT ATA rGrGrG,175853202,"14005,3",13982,41,92,1283,0,0,448325,"67,46",
ID:JPN11171 REMAINDER,23488,8618339,8268526,96716036,A12,NC2lg-12,TAG TCG AAC TGA AGG TCT CCA GCA AGT ATA NNN NNN NNT ATA rGrGrG,175853201,"14004,9",13981,39,86,1200,0,0,453575,"65,45",
ID:JPN11171 REMAINDER,23488,8618339,8268526,96716037,B01,NC2lg-13,TAG TCG AAC TGA AGG TCT CCA GCA AGT CAG NNN NNN NNT ATA rGrGrG,175853200,"13996,2",13982,38,85,1188,0,0,448575,"67,49",
ID:JPN11171 REMAINDER,23488,8618339,8268526,96716038,B02,NC2lg-14,TAG TCG AAC TGA AGG TCT CCA GCA AGT CGT NNN NNN NNT ATA rGrGrG,175853199,"13970,7",13973,40,90,1263,0,0,444825,"67,46",
ID:JPN11171 REMAINDER,23488,8618339,8268526,96716039,B03,NC2lg-15,TAG TCG AAC TGA AGG TCT CCA GCA AGT CTC NNN NNN NNT ATA rGrGrG,175853198,"13948,6",13933,40,90,1252,0,0,440725,"67,34",
ID:JPN11171 REMAINDER,23488,8618339,8268526,96716040,B04,NC2lg-16,TAG TCG AAC TGA AGG TCT CCA GCA AGT GAT NNN NNN NNT ATA rGrGrG,175853197,13996,13997,39,87,1214,0,0,449625,"66,65",
ID:JPN11171 REMAINDER,23488,8618339,8268526,96716041,B05,NC2lg-17,TAG TCG AAC TGA AGG TCT CCA GCA AGT GCA NNN NNN NNT ATA rGrGrG,175853196,"14004,6",13982,39,87,1215,0,0,446975,"67,83",
ID:JPN11171 REMAINDER,23488,8618339,8268526,96716042,B06,NC2lg-18,TAG TCG AAC TGA AGG TCT CCA GCA AGT GTG NNN NNN NNT ATA rGrGrG,175853195,"14052,9",14013,45,101,1410,0,0,446775,"67,68",
ID:JPN11171 REMAINDER,23488,8618339,8268526,96716043,B07,NC2lg-19,TAG TCG AAC TGA AGG TCT CCA GCA ATC ACG NNN NNN NNT ATA rGrGrG,175853194,"13979,4",13942,41,92,1277,0,0,444675,"67,65",
ID:JPN11171 REMAINDER,23488,8618339,8268526,96716044,B08,NC2lg-20,TAG TCG AAC TGA AGG TCT CCA GCA ATC AGC NNN NNN NNT ATA rGrGrG,175853193,"13973,4",13942,40,91,1262,0,0,444225,"67,71",
ID:JPN11171 REMAINDER,23488,8618339,8268526,96716045,B09,NC2lg-21,TAG TCG AAC TGA AGG TCT CCA GCA ATC ATA NNN NNN NNT ATA rGrGrG,175853192,"13989,9",13941,43,96,1336,0,0,449475,"65,71",
ID:JPN11171 REMAINDER,23488,8618339,8268526,96716046,B10,NC2lg-22,TAG TCG AAC TGA AGG TCT CCA GCA ATC GAT NNN NNN NNT ATA rGrGrG,175853191,"13996,3",13957,47,105,1460,0,0,446725,"66,62",
ID:JPN11171 REMAINDER,23488,8618339,8268526,96716047,B11,NC2lg-23,TAG TCG AAC TGA AGG TCT CCA GCA ATC GCA NNN NNN NNT ATA rGrGrG,175853190,13955,13942,40,89,1241,0,0,444075,"67,8",
ID:JPN11171 REMAINDER,23488,8618339,8268526,96716048,B12,NC2lg-24,TAG TCG AAC TGA AGG TCT CCA GCA ATC GTG NNN NNN NNT ATA rGrGrG,175853189,13988,13973,40,90,1252,0,0,443875,"67,65",
ID:JPN11171 REMAINDER,23488,8618339,8268526,96716049,C01,NC2lg-25,TAG TCG AAC TGA AGG TCT CCA GCA ATC TAC NNN NNN NNT ATA rGrGrG,175853188,"13947,1",13917,43,97,1352,0,0,443025,"66,44",
ID:JPN11171 REMAINDER,23488,8618339,8268526,96716050,C02,NC2lg-26,TAG TCG AAC TGA AGG TCT CCA GCA ATC TCT NNN NNN NNT ATA rGrGrG,175853187,"13906,5",13908,41,94,1306,0,0,438125,"66,45",
ID:JPN11171 REMAINDER,23488,8618339,8268526,96716051,C03,NC2lg-27,TAG TCG AAC TGA AGG TCT CCA GCA ATC TGA NNN NNN NNT ATA rGrGrG,175853186,"13979,3",13957,38,84,1178,0,0,445375,"66,61",
ID:JPN11171 REMAINDER,23488,8618339,8268526,96716052,C04,NC2lg-28,TAG TCG AAC TGA AGG TCT CCA GCA CAC ACG NNN NNN NNT ATA rGrGrG,175853185,"13940,8",13927,41,92,1277,0,0,443175,"68,52",
ID:JPN11171 REMAINDER,23488,8618339,8268526,96716053,C05,NC2lg-29,TAG TCG AAC TGA AGG TCT CCA GCA CAC AGC NNN NNN NNT ATA rGrGrG,175853184,"13928,9",13927,34,78,1080,0,0,442725,"68,59",
ID:JPN11171 REMAINDER,23488,8618339,8268526,96716054,C06,NC2lg-30,TAG TCG AAC TGA AGG TCT CCA GCA CAC ATA NNN NNN NNT ATA rGrGrG,175853183,"13949,3",13926,43,96,1340,0,0,447975,"66,59",
ID:JPN11171 REMAINDER,23488,8618339,8268526,96716055,C07,NC2lg-31,TAG TCG AAC TGA AGG TCT CCA GCA CAC GAT NNN NNN NNT ATA rGrGrG,175941258,13953,13942,36,82,1138,0,0,445225,"67,5",
ID:JPN11171 REMAINDER,23488,8618339,8268526,96716056,C08,NC2lg-32,TAG TCG AAC TGA AGG TCT CCA GCA CAC GCA NNN NNN NNT ATA rGrGrG,175884721,"13943,3",13927,38,86,1200,0,0,442575,"68,67",
ID:JPN11171 REMAINDER,23488,8618339,8268526,96716057,C09,NC2lg-33,TAG TCG AAC TGA AGG TCT CCA GCA CAC GTG NNN NNN NNT ATA rGrGrG,175884722,"13968,7",13958,36,82,1149,0,0,442375,"68,52",
ID:JPN11171 REMAINDER,23488,8618339,8268526,96716058,C10,NC2lg-34,TAG TCG AAC TGA AGG TCT CCA GCA CAC TAC NNN NNN NNT ATA rGrGrG,175884720,"13914,9",13902,36,82,1146,0,0,441525,"67,31",
ID:JPN11171 REMAINDER,23488,8618339,8268526,96716059,C11,NC2lg-35,TAG TCG AAC TGA AGG TCT CCA GCA CAC TCT NNN NNN NNT ATA rGrGrG,175853178,"13902,2",13893,42,96,1328,0,0,436625,"67,33",
ID:JPN11171 REMAINDER,23488,8618339,8268526,96716060,C12,NC2lg-36,TAG TCG AAC TGA AGG TCT CCA GCA CAC TGA NNN NNN NNT ATA rGrGrG,175853177,"13971,5",13942,43,98,1364,0,0,443875,"67,49",
ID:JPN11171 REMAINDER,23488,8618339,8268526,96716061,D01,NC2lg-37,TAG TCG AAC TGA AGG TCT CCA GCA CGA CAG NNN NNN NNT ATA rGrGrG,175853176,"13989,4",13967,36,82,1139,0,0,446875,"68,33",
ID:JPN11171 REMAINDER,23488,8618339,8268526,96716062,D02,NC2lg-38,TAG TCG AAC TGA AGG TCT CCA GCA CGA CGT NNN NNN NNT ATA rGrGrG,175853175,"13996,2",13958,34,77,1076,0,0,443125,"68,3",
ID:JPN11171 REMAINDER,23488,8618339,8268526,96716063,D03,NC2lg-39,TAG TCG AAC TGA AGG TCT CCA GCA CGA CTC NNN NNN NNT ATA rGrGrG,175853174,"13917,5",13918,37,84,1173,0,0,439025,"68,19",
ID:JPN11171 REMAINDER,23488,8618339,8268526,96716064,D04,NC2lg-40,TAG TCG AAC TGA AGG TCT CCA GCA CGA GAT NNN NNN NNT ATA rGrGrG,175853173,"13980,6",13982,37,83,1154,0,0,448925,"67,3",
ID:JPN11171 REMAINDER,23488,8618339,8268526,96716065,D05,NC2lg-41,TAG TCG AAC TGA AGG TCT CCA GCA CGA GCA NNN NNN NNT ATA rGrGrG,175853172,13980,13967,37,84,1168,0,0,446275,"68,48",
ID:JPN11171 REMAINDER,23488,8618339,8268526,96716066,D06,NC2lg-42,TAG TCG AAC TGA AGG TCT CCA GCA CGA GTG NNN NNN NNT ATA rGrGrG,175853171,"13997,1",13998,36,80,1124,0,0,446075,"68,33",
ID:JPN11171 REMAINDER,23488,8618339,8268526,96716067,D07,NC2lg-43,TAG TCG AAC TGA AGG TCT CCA GCA CGA TAC NNN NNN NNT ATA rGrGrG,175853170,"13955,5",13942,37,83,1163,0,0,445825,"67,29",
ID:JPN11171 REMAINDER,23488,8618339,8268526,96716068,D08,NC2lg-44,TAG TCG AAC TGA AGG TCT CCA GCA CGA TCT NNN NNN NNT ATA rGrGrG,175853169,13949,13933,41,92,1285,0,0,440925,"67,3",
ID:JPN11171 REMAINDER,23488,8618339,8268526,96716069,D09,NC2lg-45,TAG TCG AAC TGA AGG TCT CCA GCA CGA TGA NNN NNN NNT ATA rGrGrG,175853168,"13996,1",13982,38,84,1170,0,0,448175,"67,46",
ID:JPN11171 REMAINDER,23488,8618339,8268526,96716070,D10,NC2lg-46,TAG TCG AAC TGA AGG TCT CCA GCA CTG ACG NNN NNN NNT ATA rGrGrG,175853167,"13971,7",13958,42,95,1324,0,0,441575,"68,33",
ID:JPN11171 REMAINDER,23488,8618339,8268526,96716071,D11,NC2lg-47,TAG TCG AAC TGA AGG TCT CCA GCA CTG AGC NNN NNN NNT ATA rGrGrG,175853166,"13972,4",13958,39,89,1243,0,0,441125,"68,4",
ID:JPN11171 REMAINDER,23488,8618339,8268526,96716072,D12,NC2lg-48,TAG TCG AAC TGA AGG TCT CCA GCA CTG ATA NNN NNN NNT ATA rGrGrG,176078297,"13957,5",13957,39,88,1231,0,0,446375,"66,39",
ID:JPN11171 REMAINDER,23488,8618339,8268526,96716073,E01,NC2lg-49,TAG TCG AAC TGA AGG TCT CCA GCA CTG CAG NNN NNN NNT ATA rGrGrG,176078295,"13965,4",13958,34,77,1082,0,0,440975,"68,54",
ID:JPN11171 REMAINDER,23488,8618339,8268526,96716074,E02,NC2lg-50,TAG TCG AAC TGA AGG TCT CCA GCA CTG CGT NNN NNN NNT ATA rGrGrG,176078296,"13980,4",13949,43,97,1356,0,0,437225,"68,51",
ID:JPN11171 REMAINDER,23488,8618339,8268526,96716075,E03,NC2lg-51,TAG TCG AAC TGA AGG TCT CCA GCA CTG CTC NNN NNN NNT ATA rGrGrG,176078298,"13905,1",13909,37,86,1203,0,0,433125,"68,4",
ID:JPN11171 REMAINDER,23488,8618339,8268526,96716076,E04,NC2lg-52,TAG TCG AAC TGA AGG TCT CCA GCA CTG TAC NNN NNN NNT ATA rGrGrG,175853161,"13947,5",13933,24,54,755,0,0,440725,"67,31",
ID:JPN11171 REMAINDER,23488,8618339,8268526,96716077,E05,NC2lg-53,TAG TCG AAC TGA AGG TCT CCA GCA CTG TCT NNN NNN NNT ATA rGrGrG,175853160,"13947,7",13924,24,55,761,0,0,435825,"67,33",
ID:JPN11171 REMAINDER,23488,8618339,8268526,96716078,E06,NC2lg-54,TAG TCG AAC TGA AGG TCT CCA GCA CTG TGA NNN NNN NNT ATA rGrGrG,175853159,"14006,4",13973,20,46,641,0,0,443075,"67,49",
ID:JPN11171 REMAINDER,23488,8618339,8268526,96716079,E07,NC2lg-55,TAG TCG AAC TGA AGG TCT CCA GCA GAG ACG NNN NNN NNT ATA rGrGrG,175853158,"14036,2",14007,20,45,637,0,0,450575,"68,14",
ID:JPN11171 REMAINDER,23488,8618339,8268526,96716080,E08,NC2lg-56,TAG TCG AAC TGA AGG TCT CCA GCA GAG AGC NNN NNN NNT ATA rGrGrG,175853157,"14004,5",14007,18,39,547,0,0,450125,"68,2",
ID:JPN11171 REMAINDER,23488,8618339,8268526,96716081,E09,NC2lg-57,TAG TCG AAC TGA AGG TCT CCA GCA GAG ATA NNN NNN NNT ATA rGrGrG,175941253,"14020,8",14006,26,58,813,0,0,455375,"66,2",
ID:JPN11171 REMAINDER,23488,8618339,8268526,96716082,E10,NC2lg-58,TAG TCG AAC TGA AGG TCT CCA GCA GAG CAG NNN NNN NNT ATA rGrGrG,175941254,"14030,7",14007,36,80,1120,0,0,449975,"68,35",
ID:JPN11171 REMAINDER,23488,8618339,8268526,96716083,E11,NC2lg-59,TAG TCG AAC TGA AGG TCT CCA GCA GAG CGT NNN NNN NNT ATA rGrGrG,175842940,13996,13998,40,91,1267,0,0,446225,"68,32",
ID:JPN11171 REMAINDER,23488,8618339,8268526,96716084,E12,NC2lg-60,TAG TCG AAC TGA AGG TCT CCA GCA GAG CTC NNN NNN NNT ATA rGrGrG,175842939,"13955,2",13958,37,84,1169,0,0,442125,"68,2",
ID:JPN11171 REMAINDER,23488,8618339,8268526,96716085,F01,NC2lg-61,TAG TCG AAC TGA AGG TCT CCA GCA GAG TAC NNN NNN NNT ATA rGrGrG,175842938,"14005,5",13982,42,93,1306,0,0,449725,"67,12",
ID:JPN11171 REMAINDER,23488,8618339,8268526,96716086,F02,NC2lg-62,TAG TCG AAC TGA AGG TCT CCA GCA GAG TCT NNN NNN NNT ATA rGrGrG,175842937,"13984,2",13973,38,86,1198,0,0,444825,"67,14",
ID:JPN11171 REMAINDER,23488,8618339,8268526,96716087,F03,NC2lg-63,TAG TCG AAC TGA AGG TCT CCA GCA GAG TGA NNN NNN NNT ATA rGrGrG,175842936,"14045,6",14022,38,85,1190,0,0,452075,"67,3",
ID:JPN11171 REMAINDER,23488,8618339,8268526,96716088,F04,NC2lg-64,TAG TCG AAC TGA AGG TCT CCA GCA GCT ACG NNN NNN NNT ATA rGrGrG,175842935,"13964,9",13958,42,95,1329,0,0,442175,"68,26",
ID:JPN11171 REMAINDER,23488,8618339,8268526,96716089,F05,NC2lg-65,TAG TCG AAC TGA AGG TCT CCA GCA GCT AGC NNN NNN NNT ATA rGrGrG,175842934,13996,13958,36,83,1153,0,0,441725,"68,32",
ID:JPN11171 REMAINDER,23488,8618339,8268526,96716090,F06,NC2lg-66,TAG TCG AAC TGA AGG TCT CCA GCA GCT ATA NNN NNN NNT ATA rGrGrG,175842933,"13963,7",13957,34,77,1071,0,0,446975,"66,32",
ID:JPN11171 REMAINDER,23488,8618339,8268526,96716091,F07,NC2lg-67,TAG TCG AAC TGA AGG TCT CCA GCA GCT CAG NNN NNN NNT ATA rGrGrG,175842932,"13956,4",13958,42,94,1313,0,0,441975,"68,35",
ID:JPN11171 REMAINDER,23488,8618339,8268526,96716092,F08,NC2lg-68,TAG TCG AAC TGA AGG TCT CCA GCA GCT CGT NNN NNN NNT ATA rGrGrG,175842931,"13946,9",13949,41,93,1302,0,0,438225,"68,32",
ID:JPN11171 REMAINDER,23488,8618339,8268526,96716093,F09,NC2lg-69,TAG TCG AAC TGA AGG TCT CCA GCA GCT CTC NNN NNN NNT ATA rGrGrG,175842930,"13925,1",13909,41,95,1322,0,0,434125,"68,2",
ID:JPN11171 REMAINDER,23488,8618339,8268526,96716094,F10,NC2lg-70,TAG TCG AAC TGA AGG TCT CCA GCA GCT GAT NNN NNN NNT ATA rGrGrG,175842929,"14005,6",13973,42,96,1336,0,0,443025,"67,51",
ID:JPN11171 REMAINDER,23488,8618339,8268526,96716095,F11,NC2lg-71,TAG TCG AAC TGA AGG TCT CCA GCA GCT GCA NNN NNN NNT ATA rGrGrG,175842928,"13999,2",13958,36,81,1128,0,0,440375,"68,69",
ID:JPN11171 REMAINDER,23488,8618339,8268526,96716096,F12,NC2lg-72,TAG TCG AAC TGA AGG TCT CCA GCA GCT GTG NNN NNN NNT ATA rGrGrG,175842927,"13987,9",13989,37,84,1181,0,0,440175,"68,54",
ID:JPN11171 REMAINDER,23488,8618339,8268526,96716097,G01,NC2lg-73,TAG TCG AAC TGA AGG TCT CCA GCA GTA CAG NNN NNN NNT ATA rGrGrG,175842926,"14005,7",13982,40,89,1247,0,0,449575,"67,27",
ID:JPN11171 REMAINDER,23488,8618339,8268526,96716098,G02,NC2lg-74,TAG TCG AAC TGA AGG TCT CCA GCA GTA CGT NNN NNN NNT ATA rGrGrG,175842925,"13971,5",13973,48,107,1497,0,0,445825,"67,24",
ID:JPN11171 REMAINDER,23488,8618339,8268526,96716099,G03,NC2lg-75,TAG TCG AAC TGA AGG TCT CCA GCA GTA CTC NNN NNN NNT ATA rGrGrG,175842924,"13931,1",13933,38,87,1208,0,0,441725,"67,12",
ID:JPN11171 REMAINDER,23488,8618339,8268526,96716100,G04,NC2lg-76,TAG TCG AAC TGA AGG TCT CCA GCA GTA GAT NNN NNN NNT ATA rGrGrG,175842923,"14035,3",13997,40,88,1237,0,0,451625,"66,23",
ID:JPN11171 REMAINDER,23488,8618339,8268526,96716101,G05,NC2lg-77,TAG TCG AAC TGA AGG TCT CCA GCA GTA GCA NNN NNN NNT ATA rGrGrG,175842922,"14029,9",13982,43,96,1341,0,0,448975,"67,42",
ID:JPN11171 REMAINDER,23488,8618339,8268526,96716102,G06,NC2lg-78,TAG TCG AAC TGA AGG TCT CCA GCA GTA GTG NNN NNN NNT ATA rGrGrG,175842921,"14044,5",14013,36,80,1117,0,0,448775,"67,27",
ID:JPN11171 REMAINDER,23488,8618339,8268526,96716103,G07,NC2lg-79,TAG TCG AAC TGA AGG TCT CCA GCA GTA TAC NNN NNN NNT ATA rGrGrG,175842920,"13972,1",13957,45,101,1416,0,0,448525,"66,21",
ID:JPN11171 REMAINDER,23488,8618339,8268526,96716104,G08,NC2lg-80,TAG TCG AAC TGA AGG TCT CCA GCA GTA TCT NNN NNN NNT ATA rGrGrG,175842919,"13947,1",13948,43,98,1361,0,0,443625,"66,23",
ID:JPN11171 REMAINDER,23488,8618339,8268526,96716105,G09,NC2lg-81,TAG TCG AAC TGA AGG TCT CCA GCA GTA TGA NNN NNN NNT ATA rGrGrG,175842918,"13995,6",13997,39,87,1220,0,0,450875,"66,39",
ID:JPN11171 REMAINDER,23488,8618339,8268526,96716106,G10,NC2lg-82,TAG TCG AAC TGA AGG TCT CCA GCA TAT ACG NNN NNN NNT ATA rGrGrG,175842917,"13972,9",13957,47,105,1467,0,0,448175,"66,34",
ID:JPN11171 REMAINDER,23488,8618339,8268526,96716107,G11,NC2lg-83,TAG TCG AAC TGA AGG TCT CCA GCA TAT AGC NNN NNN NNT ATA rGrGrG,175842916,"13995,9",13957,40,89,1239,0,0,447725,"66,39",
ID:JPN11171 REMAINDER,23488,8618339,8268526,96716108,G12,NC2lg-84,TAG TCG AAC TGA AGG TCT CCA GCA TAT ATA NNN NNN NNT ATA rGrGrG,175842915,"13996,7",13956,37,82,1150,0,0,452975,"64,38",
ID:JPN11171 REMAINDER,23488,8618339,8268526,96716109,H01,NC2lg-85,TAG TCG AAC TGA AGG TCT CCA GCA TAT CAG NNN NNN NNT ATA rGrGrG,175842914,"13955,3",13957,47,105,1468,0,0,447975,"66,42",
ID:JPN11171 REMAINDER,23488,8618339,8268526,96716110,H02,NC2lg-86,TAG TCG AAC TGA AGG TCT CCA GCA TAT CGT NNN NNN NNT ATA rGrGrG,175842913,"13988,6",13948,43,96,1336,0,0,444225,"66,4",
ID:JPN11171 REMAINDER,23488,8618339,8268526,96716111,H03,NC2lg-87,TAG TCG AAC TGA AGG TCT CCA GCA TAT CTC NNN NNN NNT ATA rGrGrG,175842912,"13916,7",13908,36,82,1143,0,0,440125,"66,27",
ID:JPN11171 REMAINDER,23488,8618339,8268526,96716112,H04,NC2lg-88,TAG TCG AAC TGA AGG TCT CCA GCA TAT GAT NNN NNN NNT ATA rGrGrG,175842911,"13970,1",13972,39,88,1229,0,0,449025,"65,58",
ID:JPN11171 REMAINDER,23488,8618339,8268526,96716113,H05,NC2lg-89,TAG TCG AAC TGA AGG TCT CCA GCA TAT GCA NNN NNN NNT ATA rGrGrG,175842910,"13955,4",13957,42,94,1316,0,0,446375,"66,77",
ID:JPN11171 REMAINDER,23488,8618339,8268526,96716114,H06,NC2lg-90,TAG TCG AAC TGA AGG TCT CCA GCA TAT GTG NNN NNN NNT ATA rGrGrG,175842909,"13998,5",13988,39,87,1219,0,0,446175,"66,62",
ID:JPN11171 REMAINDER,23488,8618339,8268526,96716115,H07,NC2lg-91,TAG TCG AAC TGA AGG TCT CCA GCA TCG ACG NNN NNN NNT ATA rGrGrG,175842908,"13960,1",13958,37,85,1180,0,0,443175,"68,3",
ID:JPN11171 REMAINDER,23488,8618339,8268526,96716116,H08,NC2lg-92,TAG TCG AAC TGA AGG TCT CCA GCA TCG AGC NNN NNN NNT ATA rGrGrG,175842907,"13965,8",13958,44,99,1378,0,0,442725,"68,36",
ID:JPN11171 REMAINDER,23488,8618339,8268526,96716117,H09,NC2lg-93,TAG TCG AAC TGA AGG TCT CCA GCA TCG ATA NNN NNN NNT ATA rGrGrG,175842906,"13955,1",13957,38,85,1183,0,0,447975,"66,37",
ID:JPN11171 REMAINDER,23488,8618339,8268526,96716118,H10,NC2lg-94,TAG TCG AAC TGA AGG TCT CCA GCA TCG CAG NNN NNN NNT ATA rGrGrG,175842905,"13971,8",13958,36,81,1126,0,0,442575,"68,51",
ID:JPN11171 REMAINDER,23488,8618339,8268526,96716119,H11,NC2lg-95,TAG TCG AAC TGA AGG TCT CCA GCA TCG CGT NNN NNN NNT ATA rGrGrG,175842904,"13962,9",13949,39,89,1237,0,0,438825,"68,48",
ID:JPN11171 REMAINDER,23488,8618339,8268526,96716120,H12,NC2lg-96,TAG TCG AAC TGA AGG TCT CCA GCA TCG CTC NNN NNN NNT ATA rGrGrG,175842903,"13922,4",13909,38,88,1222,0,0,434725,"68,36",
